"ruido","opt_level","rmse_min"
"gauss",2,0.0248790822560957
"poisson",3,0.0373302617783594
"sp",3,0.0456881875562693
"speckle",2,0.0254718581293451
